title,type_code,faction_code,pack_code,stripped_text
Nathaniel "Gnat" Hall: One-of-a-Kind,identity,anarch,rar,"When your turn begins, gain 1 credit if you have 2 or fewer cards in your grip."
Omar Keung: Conspiracy Theorist,identity,anarch,es,"click: Run Archives. If that run would be declared successful, change the attacked server to HQ or R&D for the remainder of that run. Use this ability only once per turn."
Reina Roja: Freedom Fighter,identity,anarch,mt,"The first piece of ice the Corp rezzes each turn costs 1 credit more to rez."
Valencia Estevez: The Angel of Cayambe,identity,anarch,oac,"The Corp starts the game with 1 bad publicity."
Day Job,event,anarch,oac,"As an additional cost to play this event, spend click click click. Gain 10 credits."
Demolition Run,event,anarch,core,"Run HQ or R&D. Access -> 0 credits: Trash the card you are accessing."
Déjà Vu,event,anarch,core,"Add 1 card (or up to 2 virus cards) from your heap to your grip."
Fear the Masses,event,anarch,ftm,"Run HQ. If successful, instead of breaching HQ, reveal any number of copies of Fear the Masses from your grip. The Corp trashes X cards from the top of R&D, where X is equal to 1 plus the number of cards you revealed. Limit 6 per deck."
Frame Job,event,anarch,om,"As an additional cost to play this event, spend click. Forfeit an agenda. If you do, give the Corp 1 bad publicity."
Hacktivist Meeting,event,anarch,bb,"This card is not trashed until another current is played or an agenda is scored. As an additional cost to rez non-ice cards, the Corp must randomly trash a card from HQ."
Immolation Script,event,anarch,cc,"Run Archives. If successful, whenever you would access a faceup piece of ice in Archives this run, you may instead trash 1 rezzed copy of that ice. Use this ability only once this run."
Political Graffiti,event,anarch,dag,"Run Archives. If successful, instead of breaching Archives, host this event on an agenda in the Corp's score area as a condition counter with 'Host agenda is worth 1 less agenda point. When the Corp purges virus counters, trash this counter.'"
Power to the People,event,anarch,uot,"Play only as your first click. The first time you access an agenda this turn, gain 7 credits."
Pushing the Envelope,event,anarch,dc,"Make a run. If you have 2 or fewer cards in your grip, each installed icebreaker has +2 strength until the end of the run."
Queen's Gambit,event,anarch,dt,"As an additional cost to play this event, spend click. Place up to 3 advancement counters on 1 unrezzed card in the root of a remote server. Gain 2 credits for each counter placed this way. You cannot access that card for the remainder of the turn."
Retrieval Run,event,anarch,fp,"Run Archives. If successful, instead of breaching Archives, you may install 1 program from your heap, ignoring all costs."
Rumor Mill,event,anarch,bm,"This card is not trashed until another current is played or an agenda is scored. Each unique non-region asset and upgrade loses its printed abilities."
Singularity,event,anarch,dt,"As an additional cost to play this event, spend click. Run a remote server. If successful, instead of breaching that server, trash all cards installed in the root of that server."
Stimhack,event,anarch,core,"Place 9 credits on this event, then run any server. During that run, hosted credits are considered to be in your credit pool. When that run ends, suffer 1 core damage. This damage cannot be prevented."
The Noble Path,event,anarch,tlm,"Trash your grip. Make a run. Prevent all damage during this run."
Archives Interface,hardware,anarch,oac,"Interrupt -> Whenever you would access a card in Archives, you may instead remove it from the game. Use this ability only once each time you breach Archives."
Cyberfeeder,hardware,anarch,core,"1 recurring credit Use this credit to pay for using icebreakers or for installing virus programs."
Ekomind,hardware,anarch,atr,"Your memory limit is equal to the number of cards in your grip. Limit 1 console per player."
Grimoire,hardware,anarch,core,"+2 mu Whenever you install a virus program, place 1 virus counter on that program. Limit 1 console per player."
Maw,hardware,anarch,dc,"+2 mu The first time each turn you access a card not in Archives and do not steal or trash it, the Corp must trash 1 card from HQ at random. Limit 1 console per player."
Obelus,hardware,anarch,es,"+1 mu You get +1 maximum hand size for each tag you have. The first time each turn a successful run on HQ or R&D ends, draw 1 card for each time you accessed a card during that run. Limit 1 console per player."
Respirocytes,hardware,anarch,cd,"When you install this hardware, suffer 1 meat damage. The first time each turn you have no cards in your grip, draw 1 card and place 1 power counter on this hardware. When this hardware has 3 or more hosted power counters, trash it."
Skulljack,hardware,anarch,cc,"When you install this hardware, suffer 1 core damage. The trash cost of each Corp card is lowered by 1."
Spinal Modem,hardware,anarch,wla,"+1 mu, 2 recurring credits You can spend hosted credits to use icebreakers. Whenever there is a successful trace during a run, suffer 1 core damage. Limit 1 console per player."
Berserker,program,anarch,eas,"Whenever you encounter a barrier, for the remainder of that encounter this program gets +1 strength for each subroutine on that barrier. Interface -> 2 credits: Break up to 2 barrier subroutines."
Bishop,program,anarch,st,"Host ice gets -2 strength. click: Host this program on a piece of ice that is not hosting a Caissa program. If this program is hosted on ice protecting a central server, its click ability can only be used to host it on ice protecting a remote server. If this program is hosted on ice protecting a remote server, its click ability can only be used to host it on ice protecting a central server."
Cerberus "Cuj.0" H3,program,anarch,atr,"When you install this program, place 4 power counters on it. Interface -> Hosted power counter: Break up to 2 sentry subroutines. 1 credit: +1 strength."
Clot,program,anarch,val,"The Corp cannot score an agenda during the same turn they installed that agenda. When the Corp purges virus counters, trash this program."
Corroder,program,anarch,core,"Interface -> 1 credit: Break 1 barrier subroutine. 1 credit: +1 strength."
Cradle,program,anarch,rar,"This program gets -1 strength for each card in your grip. Interface -> 2 credits: Break any number of code gate subroutines."
Darwin,program,anarch,fp,"Interface -> 2 credits: Break 1 subroutine. X is equal to the number of hosted virus counters. When your turn begins, you may pay 1 credit to place 1 virus counter on this program."
Datasucker,program,anarch,core,"Whenever you make a successful run on a central server, place 1 virus counter on Datasucker. Hosted virus counter: Rezzed piece of ice currently being encountered has -1 strength until the end of the encounter."
Diwan,program,anarch,bf,"When you install this program, choose a server. As an additional cost to install a card in the root of or protecting that server, the Corp must pay 1 credit. When the Corp purges virus counters, trash this program."
Force of Nature,program,anarch,asis,"Interface -> 2 credits: Break up to 2 code gate subroutines. 1 credit: +1 strength."
Hemorrhage,program,anarch,fal,"Whenever you make a successful run, place 1 virus counter on Hemorrhage. click, 2 hosted virus counters: The Corp trashes 1 card from HQ."
Imp,program,anarch,wla,"When you install this program, place 2 virus counters on it. Access -> Hosted virus counter: Trash the card you are accessing. Use this ability only once per turn."
Knight,program,anarch,mt,"Interface -> 2 credits: Break 1 subroutine on host ice. click: Host this program on a piece of ice that is not hosting a Caissa program. If this program is hosted on ice, its click ability cannot be used to host it on the next inward or outward piece of ice."
Mimic,program,anarch,core,"Interface -> 1 credit: Break 1 sentry subroutine."
Morning Star,program,anarch,wla,"Interface -> 1 credit: Break any number of barrier subroutines."
Nerve Agent,program,anarch,ce,"Whenever you make a successful run on HQ, place 1 virus counter on this program. Whenever you breach HQ, choose a number less than the number of hosted virus counters. Access that many additional cards."
Nfr,program,anarch,bm,"Whenever this program fully breaks a piece of ice, place 1 power counter on this program. This program gets +1 strength for each power counter on it. Interface -> 1 credit: Break 1 barrier subroutine."
Parasite,program,anarch,core,"Install only on a rezzed piece of ice. When your turn begins, place 1 virus counter on this program. Host ice gets -1 strength for each hosted virus counter. When the strength of host ice is 0 or less, trash it."
Persephone,program,anarch,eas,"Interface -> 2 credits: Break 1 sentry subroutine. 1 credit: +1 strength. Whenever you pass a sentry after encountering it, you may trash the top card of your stack. If you do, trash 1 card from the top of R&D for each subroutine on that sentry that resolved during that encounter."
Plague,program,anarch,dtwn,"When you install Plague, choose a server. Whenever you make a successful run on the chosen server, you may place 2 virus counters on Plague."
Wyrm,program,anarch,core,"Interface -> 3 credits: Break 1 subroutine on a piece of ice with 0 or less strength. Interface -> 1 credit: The ice you are encountering gets -1 strength for the remainder of this encounter. 1 credit: +1 strength."
Clan Vengeance,resource,anarch,so,"Whenever you suffer any amount of damage, place 1 power counter on Clan Vengeance. trash: Trash 1 card from HQ at random for each power counter on Clan Vengeance."
Counter Surveillance,resource,anarch,so,"click, trash: Run any server. If successful, instead of breaching the attacked server, pay X credits if able, where X is equal to the number of tags you have. If you do, choose a number less than or equal to X. Access that many cards in and/or in the root of the attacked server. (If you cannot pay, you will not access anything.)"
Crypt,resource,anarch,cotc,"Whenever you make a successful run on Archives, you may place 1 virus counter on Crypt. click, trash, 3 hosted virus counters: Search your stack for a virus program and install it (paying its install cost), then shuffle your stack."
Duggar's,resource,anarch,fc,"click,click,click,click: Draw 10 cards."
Hard at Work,resource,anarch,st,"When your turn begins, gain 2 credits and lose click."
Ice Carver,resource,anarch,core,"While you are encountering a piece of ice, it gets -1 strength."
Jarogniew Mercs,resource,anarch,baw,"When you install Jarogniew Mercs, take 1 tag. Place 3 power counters on Jarogniew Mercs, and 1 additional power counter for each tag you have. When there are no power counters left on Jarogniew Mercs, trash it. The Corp cannot trash Jarogniew Mercs while there is another resource installed. Hosted power counter: Prevent 1 meat damage."
Joshua B.,resource,anarch,ce,"When your turn begins, you may gain click. If you do, take 1 tag when this turn ends."
Liberated Account,resource,anarch,ta,"When you install this resource, load 16 credits onto it. When it is empty, trash it. click: Take 4 credits from this resource."
Salvaged Vanadis Armory,resource,anarch,cd,"trash: The Corp trashes the top X cards of R&D. X is equal to the amount of damage you have suffered this turn. Use this ability only during the next paid ability window after suffering any amount of damage."
Scrubber,resource,anarch,asis,"2 recurring credits (When you install this card and before your turn begins, refill to 2 hosted credits.) You can spend hosted credits to pay trash costs."
Stim Dealer,resource,anarch,oac,"When your turn begins, if there are 2 or more hosted power counters, remove all of them and suffer 1 core damage. This damage cannot be prevented. Otherwise, place 1 power counter on this resource and gain click."
Tallie Perrault,resource,anarch,fal,"Whenever a gray ops or black ops operation is trashed after resolving, you may give the Corp 1 bad publicity and take 1 tag. trash: Draw 1 card for each bad publicity the Corp has."
Xanadu,resource,anarch,hs,"The rez cost of each piece of ice is increased by 1 credit."
Gabriel Santiago: Consummate Professional,identity,criminal,core,"The first time you make a successful run on HQ each turn, gain 2 credits."
Iain Stirling: Retired Spook,identity,criminal,hap,"When your turn begins, gain 2 credits if the Corp has more scored agenda points than you."
Liza Talking Thunder: Prominent Legislator,identity,criminal,rar,"The first time you make a successful run on a central server each turn, draw 2 cards and take 1 tag."
Nero Severn: Information Broker,identity,criminal,dag,"Once per turn, you may jack out when you encounter a sentry."
Calling in Favors,event,criminal,hap,"Gain 1 credit for each installed connection resource."
Credit Kiting,event,criminal,dtwn,"Play only if you made a successful run on a central server this turn. Install a card from your grip, lowering its install cost by 8 credits, and take 1 tag."
Easy Mark,event,criminal,core,"Gain 3 credits."
Emergency Shutdown,event,criminal,ce,"Play only if you made a successful run on HQ this turn. Derez 1 installed piece of ice."
Exclusive Party,event,criminal,si,"Draw 1 card. Gain 1 credit for each copy of Exclusive Party in your heap. Limit 6 per deck."
Falsified Credentials,event,criminal,tdatd,"Name a card type. Expose a card in a remote server, then gain 5 credits if the exposed card has the named card type."
Forged Activation Orders,event,criminal,core,"Choose 1 unrezzed piece of ice. The Corp may rez that ice. If they do not, they trash it."
High-Stakes Job,event,criminal,kg,"Make a run on a server with at least 1 piece of unrezzed ice. When the run ends, gain 12 credits if it was successful."
Inside Job,event,criminal,core,"Run any server. The first time you encounter a piece of ice during that run, bypass it."
Leverage,event,criminal,tc,"Play only if you made a successful run on HQ this turn. Prevent all damage until the beginning of your next turn unless the Corp takes 2 bad publicity."
Möbius,event,criminal,so,"Make a run on R&D. If successful, you may make another run on R&D when this run ends. If the second run is successful, gain 4 credits."
On the Lam,event,criminal,ml,"Install On the Lam on a resource as a hosted condition counter with the text 'trash: Avoid up to 3 tags or prevent up to 3 damage.'"
Running Interference,event,criminal,mt,"As an additional cost to play this event, spend click. Make a run. During this run, the Corp must pay X credits as an additional cost to rez each piece of ice, where X is the rez cost of that ice."
Satellite Uplink,event,criminal,ta,"Expose up to 2 cards."
Special Order,event,criminal,core,"Search your stack for an icebreaker, reveal it, and add it to your grip. Shuffle your stack."
Spot the Prey,event,criminal,dc,"Expose 1 non-ice card, then make a run."
Three Steps Ahead,event,criminal,tsb,"Play only as your first click. When this turn ends, gain 2 credits for each successful run you made during it."
Unscheduled Maintenance,event,criminal,tsb,"This card is not trashed until another current is played or an agenda is scored. The Corp cannot install more than 1 piece of ice each turn."
Box-E,hardware,criminal,fc,"+2 mu Your maximum hand size is increased by 2. Limit 1 console per player."
Desperado,hardware,criminal,core,"+1 mu Gain 1 credit whenever you make a successful run. Limit 1 console per player."
Doppelgänger,hardware,criminal,asis,"+1 mu Once per turn, you may immediately make another run when a successful run ends. Limit 1 console per player."
Forger,hardware,criminal,uw,"+1 link Interrupt -> trash: Prevent 1 tag. trash: Remove 1 tag. Limit 1 console per player."
HQ Interface,hardware,criminal,hs,"Whenever you breach HQ, access 1 additional card."
Polyhistor,hardware,criminal,td,"+1 mu, +1 link The first time each turn you pass all of the ice protecting HQ, you may draw 1 card to force the Corp to draw 1 card. Limit 1 console per player."
Recon Drone,hardware,criminal,qu,"X credits,trash: Prevent X damage from a card currently being accessed."
Reflection,hardware,criminal,dag,"+1 mu +1 link Whenever you jack out, the Corp reveals 1 card from HQ at random. Limit 1 console per player."
Silencer,hardware,criminal,dt,"1 recurring credit Use this credit to pay for using killers."
Spy Camera,hardware,criminal,dag,"click: Look at the top X cards of your stack and arrange them in any order. X is the number of copies of Spy Camera installed. trash: Look at the top card of R&D. Limit 6 per deck."
Aumakua,program,criminal,cd,"This program gets +1 strength for each hosted virus counter. Whenever you expose a card, place 1 virus counter on this program. Whenever you finish breaching a server, if you did not steal or trash any accessed cards, place 1 virus counter on this program. Interface -> 1 credit: Break 1 subroutine."
Aurora,program,criminal,core,"Interface -> 2 credits: Break 1 barrier subroutine. 2 credits: +3 strength."
Bankroll,program,criminal,rar,"Whenever you make a successful run, you may place 1 credit from the bank on Bankroll. trash: Take all credits from Bankroll."
Breach,program,criminal,hap,"Interface -> 2 credits: Break up to 3 barrier subroutines. 2 credits: +4 strength. This program cannot interface with ice protecting a remote server."
Copycat,program,criminal,st,"Whenever you pass a piece of ice, you may trash Copycat. If you do, choose another rezzed copy of that piece of ice protecting any server. The run continues as if you had just passed the chosen piece of ice (you are now running from the new position)."
Crowbar,program,criminal,cc,"If you have at least 2 link, the memory cost of this program is 0 mu, even if it is not installed. This program gets +1 strength for each installed icebreaker. Interface -> trash: Break up to 3 code gate subroutines."
Faerie,program,criminal,fp,"Interface -> 0 credits: Break 1 sentry subroutine. 1 credit: +1 strength. Whenever an encounter ends, if you used this program to break a subroutine during that encounter, trash this program."
Femme Fatale,program,criminal,core,"Interface -> 1 credit: Break 1 sentry subroutine. 2 credits: +1 strength. When you install this program, choose 1 installed piece of ice. Whenever you encounter the chosen ice, you may pay 1 credit for each subroutine it has. If you do, bypass that ice."
Golden,program,criminal,bm,"Interface -> 2 credits: Break up to 2 sentry subroutines. 2 credits: +4 strength. 2 credits, add this program to your grip: Derez 1 sentry this program fully broke during this encounter."
Grappling Hook,program,criminal,hap,"trash: Break all but 1 subroutine on a piece of ice."
Ninja,program,criminal,core,"Interface -> 1 credit: Break 1 sentry subroutine. 3 credits: +5 strength."
Passport,program,criminal,hap,"Interface -> 1 credit: Break 1 code gate subroutine. 2 credits: +2 strength. This program cannot interface with ice protecting a remote server."
Peacock,program,criminal,wla,"Interface -> 2 credits: Break 1 code gate subroutine. 2 credits: +3 strength."
Pheromones,program,criminal,hs,"X recurring credits Use these credits during runs on HQ. X is the number of virus counters on Pheromones. Whenever you make a successful run on HQ, place 1 virus counter on Pheromones."
Saker,program,criminal,in,"Interface -> 1 credit: Break 1 barrier subroutine. 2 credits: +2 strength. 2 credits, add this program to your grip: Derez 1 barrier this program fully broke during this encounter."
Sneakdoor Beta,program,criminal,core,"click: Run Archives. If that run would be declared successful, change the attacked server to HQ for the remainder of that run."
Spike,program,criminal,val,"If you have at least 2 link, the memory cost of this program is 0 mu, even if it is not installed. This program gets +1 strength for each installed icebreaker. Interface -> trash: Break up to 3 barrier subroutines."
Tycoon,program,criminal,rar,"Interface -> 1 credit: Break up to 2 barrier subroutines. 2 credits: +3 strength. Whenever an encounter ends, if you used this program to break a subroutine during that encounter, the Corp gains 2 credits."
Vamadeva,program,criminal,si,"Interface -> 1 credit: Break 1 subroutine on a piece of ice with exactly 1 subroutine. 1 credit: +1 strength. 2 credits: Swap this program with a deva program from your grip."
Aaron Marrón,resource,criminal,qu,"Whenever an agenda is scored or stolen, place 2 power counters on Aaron Marron. Hosted power counter: Remove 1 tag and draw 1 card."
Bank Job,resource,criminal,core,"When you install this resource, load 8 credits on it. When it is empty, trash it. Whenever you make a successful run on a remote server, instead of breaching that server, you may take any number of credits from this resource."
Charlatan,resource,criminal,td,"click click: Run any server. The first time you approach a rezzed piece of ice during this run, you may pay credits equal to the strength of that ice. If you do, when you encounter that ice after this approach, bypass it."
Crash Space,resource,criminal,core,"2 recurring credits Use these credits to pay for removing tags. trash: Prevent up to 3 meat damage."
Data Dealer,resource,criminal,core,"click, forfeit 1 agenda: Gain 9 credits."
Enhanced Vision,resource,criminal,val,"The first time you make a successful run each turn, the Corp reveals 1 card at random from HQ."
Fall Guy,resource,criminal,dt,"trash: Prevent another installed resource from being trashed. trash: Gain 2 credits."
Keros Mcintyre,resource,criminal,baw,"The first time you derez a piece of ice each turn, gain 2 credits."
Lewi Guilherme,resource,criminal,ss,"When your turn begins, either lose 1 credit or trash Lewi Guilherme. The Corp's maximum hand size is reduced by 1."
Mr. Li,resource,criminal,fp,"click: Draw 2 cards. When you do, add 1 of those cards to the bottom of your stack."
Security Testing,resource,criminal,hap,"When your turn begins, you may choose a server. The first time each turn you make a successful run on the chosen server, instead of breaching it, gain 2 credits."
Slipstream,resource,criminal,win,"Whenever you pass a rezzed piece of ice, you may trash this resource. If you do, choose 1 piece of ice protecting a central server in the same position as the passed ice. Move to that ice and approach it. You may jack out."
The Supplier,resource,criminal,fc,"click: Host a resource or piece of hardware from your grip on The Supplier. When your turn begins, you may install a hosted card, lowering the install cost by 2."
Theophilius Bagbiter,resource,criminal,hap,"When you install Theophilius Bagbiter, lose all credits in your credit pool. Your maximum hand size is equal to the number of credits in your credit pool."
Tri-maf Contact,resource,criminal,hap,"You cannot use Tri-maf Contact more than once per turn. click: Gain 2 credits. When Tri-maf Contact is trashed, suffer 3 meat damage."
Akiko Nisei: Head Case,identity,shaper,rar,"Whenever you breach R&D, you and the Corp secretly spend 0 credits, 1 credit, or 2 credits. Reveal spent credits. If you and the Corp spent the same number of credits, access 1 additional card."
Chaos Theory: Wünderkind,identity,shaper,ce,"+1 mu"
Kabonesa Wu: Netspace Thrillseeker,identity,shaper,dtwn,"click: Search your stack for a non-virus program and install it, lowering its install cost by 1 credit, then shuffle your stack. If that program is still installed when your turn ends, remove it from the game."
Rielle “Kit” Peddler: Transhuman,identity,shaper,cac,"The first time each turn you encounter a piece of ice, it gains code gate for the remainder of this run."
Cold Read,event,shaper,ml,"Place 4 credits on this event, then run any server. You can spend hosted credits during that run. When that run ends, trash 1 installed program you used during that run. Trashing a program this way cannot be prevented."
Diesel,event,shaper,core,"Draw 3 cards."
Escher,event,shaper,cac,"Run HQ. If successful, instead of breaching HQ, rearrange any number of ice protecting all servers. (Do not rez or derez any ice or change the number of ice protecting any server.)"
Game Day,event,shaper,bb,"As an additional cost to play this event, spend click. If you have fewer cards in your grip than your maximum hand size, draw cards until you have cards in your grip equal to your maximum hand size."
Indexing,event,shaper,fp,"Run R&D. If successful, instead of breaching R&D, you may look at the top 5 cards of R&D and arrange them in any order."
Lean and Mean,event,shaper,fm,"Make a run. If you have 3 or fewer programs installed, all icebreakers have +2 strength during this run."
Levy AR Lab Access,event,shaper,cac,"Shuffle your grip and heap into your stack. Draw 5 cards. Remove Levy AR Lab Access from the game instead of trashing it."
Modded,event,shaper,core,"Install a program or piece of hardware, lowering the install cost by 3."
Net Celebrity,event,shaper,tsb,"This card is not trashed until another current is played or an agenda is scored. 1 recurring credit Use this credit during a run."
Notoriety,event,shaper,ta,"Play only if you made a successful run on R&D, HQ, and Archives this turn. Add Notoriety to your score area as an agenda worth 1 agenda point."
Quality Time,event,shaper,hs,"Draw 5 cards."
Reshape,event,shaper,cd,"Swap 2 pieces of unrezzed ice."
System Seizure,event,shaper,so,"This event is not trashed until another current is played or an agenda is scored. Interrupt -> The first time each turn you would increase the strength of an icebreaker, for the remainder of the run that icebreaker gains 'Abilities that increase this program's strength last for the remainder of the run (instead of any shorter duration).'"
Test Run,event,shaper,ce,"Search either your stack or your heap for 1 program. (Shuffle your stack after searching it.) Install that program, ignoring all costs. When your turn ends, if that program has not been uninstalled, add it to the top of your stack."
The Maker’s Eye,event,shaper,core,"Run R&D. If successful, access 2 additional cards when you breach R&D."
Tinkering,event,shaper,core,"Choose a piece of ice. That ice gains sentry, code gate, and barrier until the end of the turn."
Akamatsu Mem Chip,hardware,shaper,core,"+1 mu"
Astrolabe,hardware,shaper,uao,"+1 mu Draw 1 card whenever the Corp creates a server. Limit 1 console per player."
Clone Chip,hardware,shaper,cac,"trash: Install a program from your heap (paying the install cost)."
Daredevil,hardware,shaper,baw,"+2 mu The first time you initiate a run on a server protected by 2 or more pieces of ice each turn, draw 2 cards. Limit 1 console per player."
Dedicated Processor,hardware,shaper,eas,"Install Dedicated Processor on a non-AI icebreaker. Host icebreaker gains '2 credits: +4 strength.'"
Dinosaurus,hardware,shaper,ce,"Dinosaurus can host a single non-AI icebreaker. The memory cost of the hosted icebreaker does not count against your memory limit. Hosted icebreaker has +2 strength. Limit 1 console per player."
Gebrselassie,hardware,shaper,win,"click: Host this hardware on an installed non-AI icebreaker. Abilities that increase host icebreaker's strength last for the remainder of the turn (instead of any shorter duration)."
Lockpick,hardware,shaper,om,"1 recurring credit Use this credit to pay for using decoders."
Mind's Eye,hardware,shaper,rar,"+1 mu Whenever you make a successful run on R&D, you may place 1 power counter on this hardware. click, 3 hosted power counters: Breach R&D. You cannot access cards in the root of R&D during this breach. Limit 1 console per player."
Mâché,hardware,shaper,rar,"The first time you trash an accessed card each turn, you may place power counters on Mache equal to that card's trash cost. 3 hosted power counters: Draw 1 card."
Rabbit Hole,hardware,shaper,core,"+1 link When Rabbit Hole is installed, you may search your stack for another copy of Rabbit Hole and install it by paying its install cost. Shuffle your stack."
The Personal Touch,hardware,shaper,core,"Install The Personal Touch only on an icebreaker. Host icebreaker has +1 strength."
Ubax,hardware,shaper,td,"+1 mu When your turn begins, draw 1 card. Limit 1 console per player."
Alpha,program,shaper,fal,"Interface -> 1 credit: Break 1 subroutine. 1 credit: +1 strength. This program can only interface with the outermost piece of ice protecting a server."
Atman,program,shaper,cac,"When you install this program, you may pay X credits to place X power counters on it. This program gets +1 strength for each hosted power counter, and it can only interface with ice of exactly equal strength. Interface -> 1 credit: Break 1 subroutine."
Battering Ram,program,shaper,core,"Interface -> 2 credits: Break up to 2 barrier subroutines. 1 credit: +1 strength for the remainder of this run."
Creeper,program,shaper,hs,"If you have at least 2 link, the memory cost of this program is 0 mu, even if it is not installed. Interface -> 2 credits: Break 1 sentry subroutine. 1 credit: +1 strength."
Customized Secretary,program,shaper,so,"When you install Customized Secretary reveal the top 5 cards of the stack. You may host any number of revealed programs from your stack on it. Shuffle your stack. click: Install a hosted program, paying all install costs."
DaVinci,program,shaper,uot,"Whenever you make a successful run, place 1 power counter on DaVinci. trash: Install a card from your grip with an install cost equal to or less than the number of power counters on DaVinci, ignoring the install cost."
Dai V,program,shaper,23s,"Interface -> 2 credits: Break all subroutines. Use this ability only by spending credits from stealth cards. 1 credit: +1 strength."
Egret,program,shaper,td,"Install only on a rezzed piece of ice. Host ice gains barrier, code gate, and sentry."
Fawkes,program,shaper,qu,"Interface -> 1 credit: Break 1 sentry subroutine. X credits: +X strength for the remainder of this run. Use this ability only by spending at least 1 credit from a stealth card."
Gordian Blade,program,shaper,core,"Interface -> 1 credit: Break 1 code gate subroutine. 1 credit: +1 strength for the remainder of this run."
Houdini,program,shaper,es,"Interface -> 1 credit: Break 1 code gate subroutine. 2 credits: +4 strength for the remainder of this run. Use this ability only by spending at least 1 credit from a stealth card."
Kyuban,program,shaper,rar,"Install only on a piece of ice. Whenever you pass host ice, gain 2 credits."
Laamb,program,shaper,win,"Whenever you encounter a piece of ice, you may pay 2 credits. If you do, it gains barrier for the remainder of that encounter. Use this ability only once per turn. Interface -> 2 credits: Break any number of barrier subroutines. 3 credits: +6 strength."
Magnum Opus,program,shaper,core,"click: Gain 2 credits."
Misdirection,program,shaper,ml,"click, click, X credits: Remove X tags."
Nyashia,program,shaper,tdatd,"When you install this program, place 3 power counters on it. Whenever you breach R&D, you may remove 1 hosted power counter to access 1 additional card."
Panchatantra,program,shaper,kg,"Once per turn, when you encounter a piece of ice, you may have it gain 1 subtype of your choice that is not sentry, code gate, or barrier for the remainder of this run."
Paricia,program,shaper,cac,"2 recurring credits (When you install this card and before your turn begins, refill to 2 hosted credits.) You can spend hosted credits to pay trash costs of assets."
Pipeline,program,shaper,core,"Interface -> 1 credit: Break 1 sentry subroutine. 2 credits: +1 strength for the remainder of this run."
Savant,program,shaper,td,"This program gets +1 strength for each unused MU. Interface -> 2 credits: Break 1 sentry or 2 code gate subroutines."
Self-modifying Code,program,shaper,cac,"2 credits, trash: Search your stack for 1 program. Install it. (Shuffle your stack after searching it.)"
Takobi,program,shaper,dtwn,"Whenever you fully break a piece of ice, you may place 1 power counter on this program. 2 hosted power counters: Choose 1 installed non-AI icebreaker. That icebreaker gets +3 strength for the remainder of the current encounter."
Upya,program,shaper,ss,"Whenever you make a successful run on R&D, you may place 1 power counter on Upya. click, 3 hosted power counters: Gain click click. Use this ability only once per turn."
Aesop’s Pawnshop,resource,shaper,core,"When your turn begins, you may trash 1 of your other installed cards. If you do, gain 3 credits."
Algo Trading,resource,shaper,bm,"When your turn begins, you may move up to 3 credits from your credit pool to Algo Trading. When your turn begins, place 2 credits on Algo Trading from the bank if there are at least 6 credits on it. click,trash: Take all credits from Algo Trading."
All-nighter,resource,shaper,asis,"click, trash: Gain click click."
Ice Analyzer,resource,shaper,cac,"Whenever the Corp rezzes a piece of ice, place 1 credit on Ice Analyzer. You may use credits on Ice Analyzer to install programs."
Laguna Velasco District,resource,shaper,td,"Whenever you take the basic action to draw cards, increase the number of cards you draw by 1."
Net Mercur,resource,shaper,es,"The first time you spend at least 1 credit from a stealth card each run, place 1 credit on Net Mercur or draw 1 card. Use credits on Net Mercur for anything."
Personal Workshop,resource,shaper,ce,"click: Host a program or piece of hardware from your grip on Personal Workshop and place power counters on it equal to its install cost. 1 credit: Remove 1 power counter from a hosted card. When your turn begins, remove 1 power counter from a hosted card. When there are no power counters left on a hosted card, install it, ignoring all costs."
Professional Contacts,resource,shaper,cac,"click: Gain 1 credit and draw 1 card."
Reclaim,resource,shaper,ka,"click, trash, trash a card from your grip: Install a program, piece of hardware, or virtual resource from your heap, paying its install cost."
Sacrificial Construct,resource,shaper,core,"trash: Prevent an installed program or an installed piece of hardware from being trashed."
Temple of the Liberated Mind,resource,shaper,tlm,"click: Place 1 power counter on Temple of the Liberated Mind. Hosted power counter: Gain click. Use this ability only on your turn and only once per turn."
Tyson Observatory,resource,shaper,bb,"click, click: Search your stack for a piece of hardware, reveal it, and add it to your grip. Shuffle your stack."
Blackmail,event,neutral-runner,fal,"Play only if the Corp has at least 1 bad publicity. Make a run. The Corp cannot rez ice for the duration of this run."
Build Script,event,neutral-runner,so,"Gain 1 credit and draw 2 cards."
Deuces Wild,event,neutral-runner,23s,"Resolve two of the following in any order: * Gain 3 credits. * Draw 2 cards. * Remove 1 tag. * Expose 1 piece of ice, then make a run."
Infiltration,event,neutral-runner,core,"Gain 2 credits or expose 1 card."
Peace in Our Time,event,neutral-runner,qu,"Play only as your first click and only if the Corp scored no agendas during their last turn. Gain 10 credits. The Corp gains 5 credits. You cannot make any runs this turn."
Populist Rally,event,neutral-runner,bf,"Play only if you have a seedy card installed. The Corp gets -1 allotted click for their next turn."
Sure Gamble,event,neutral-runner,core,"Gain 9 credits."
Traffic Jam,event,neutral-runner,val,"This card is not trashed until another current is played or an agenda is scored. The advancement requirement of each agenda is increased by 1 for each copy of that agenda in the Corp's score area."
Dyson Mem Chip,hardware,neutral-runner,ta,"+1 mu, +1 link"
Sports Hopper,hardware,neutral-runner,si,"+1 link trash: Draw 3 cards."
Crypsis,program,neutral-runner,core,"Interface -> 1 credit: Break 1 subroutine. 1 credit: +1 strength. click: Place 1 virus counter on this program. Whenever an encounter ends, if you used this program to break a subroutine during that encounter, remove 1 hosted virus counter or trash this program."
Armitage Codebusting,resource,neutral-runner,core,"Place 12 credits from the bank on Armitage Codebusting when it is installed. When there are no credits left on Armitage Codebusting, trash it. click: Take 2 credits from Armitage Codebusting."
Bazaar,resource,neutral-runner,si,"Whenever you install a piece of hardware from your grip, you may install another copy of that hardware from your grip (paying all costs)."
Bloo Moose,resource,neutral-runner,fm,"When your turn begins, you may remove 1 card in the heap from the game. If you do, gain 2 credits."
Citadel Sanctuary,resource,neutral-runner,in,"If you are tagged when your turn ends, force the Corp to 'Trace[1]. If unsuccessful, the Runner removes 1 tag.' trash,trash all cards in your grip: Prevent all meat damage."
Corporate Defector,resource,neutral-runner,cd,"Whenever the Corp draws a card with the basic action, reveal that card."
Councilman,resource,neutral-runner,dag,"Whenever the Corp rezzes an asset or upgrade, you may pay credits equal to its rez cost and trash Councilman. If you do, derez that asset or upgrade. The Corp cannot rez it for the remainder of this turn."
Daily Casts,resource,neutral-runner,cac,"When you install this resource, load 8 credits onto it. When it is empty, trash it. When your turn begins, take 2 credits from this resource."
Kati Jones,resource,neutral-runner,hs,"You cannot use Kati Jones more than once per turn. click: Place 3 credits from the bank on Kati Jones. click: Take all credits from Kati Jones."
New Angeles City Hall,resource,neutral-runner,fp,"2 credits: Avoid 1 tag. Trash New Angeles City Hall when you steal an agenda."
Officer Frank,resource,neutral-runner,td,"trash, 1 credit: The Corp trashes 2 cards from HQ at random. Use this ability only if you suffered meat damage this turn."
Public Sympathy,resource,neutral-runner,ce,"Your maximum hand size is increased by 2."
Symmetrical Visage,resource,neutral-runner,val,"The first time you spend click to draw 1 card (not through a card ability) each turn, gain 1 credit."
Technical Writer,resource,neutral-runner,dad,"Whenever you install a piece of hardware or a program, place 1 credit from the bank on Technical Writer. click,trash: Take all credits from Technical Writer."
The Turning Wheel,resource,neutral-runner,tlm,"Whenever a run on HQ or R&D ends, place 1 power counter on this resource if you stole no agendas during that run. 2 hosted power counters: Choose HQ or R&D. For the remainder of this run, access 1 additional card whenever you breach that server."
Underworld Contact,resource,neutral-runner,asis,"When your turn begins, gain 1 credit if you have at least 2 link."
Utopia Shard,resource,neutral-runner,atr,"Whenever you make a successful run on HQ, instead of breaching HQ, you may install this resource from your grip, ignoring all costs. trash: The Corp discards 2 cards from HQ at random. Limit 1 per deck."
Cybernetics Division: Humanity Upgraded,identity,haas-bioroid,cc,"Each player's maximum hand size is reduced by 1."
Haas-Bioroid: Stronger Together,identity,haas-bioroid,wla,"All bioroid ice has +1 strength."
NEXT Design: Guarding the Net,identity,haas-bioroid,cac,"Before taking your first turn, you may install up to 3 pieces of ice, with no more than a single piece of ice per server. Draw until you have 5 cards in HQ."
Sportsmetal: Go Big or Go Home,identity,haas-bioroid,rar,"Whenever an agenda is scored or stolen, gain 2 credits or draw 2 cards."
Accelerated Beta Test,agenda,haas-bioroid,core,"When you score Accelerated Beta Test, you may look at the top 3 cards of R&D. If any of those cards are ice, you may install and rez them, ignoring all costs. Trash the rest of the cards you looked at."
Elective Upgrade,agenda,haas-bioroid,td,"Place 2 agenda counters on Elective Upgrade when you score it. click, hosted agenda counter: Gain click click. Use this ability only once per turn."
Hyperloop Extension,agenda,haas-bioroid,rar,"When Hyperloop Extension is scored or stolen, the Corp gains 3 credits."
Project Ares,agenda,haas-bioroid,om,"When you score this agenda, the Runner trashes 1 of their installed cards for each hosted advancement counter past 4. If the Runner trashes at least 1 card this way, take 1 bad publicity."
Project Vitruvius,agenda,haas-bioroid,ce,"When you score this agenda, place 1 agenda counter on it for each hosted advancement counter past 3. Hosted agenda counter: Add 1 card from Archives to HQ."
Project Wotan,agenda,haas-bioroid,cac,"Place 3 agenda counters on Project Wotan when you score it. Hosted agenda counter: Choose a rezzed piece of bioroid ice currently being approached. For the remainder of this run, that ice gains 'Subroutine End the run.' after all its other subroutines."
Remote Enforcement,agenda,haas-bioroid,win,"When you score Remote Enforcement, you may search R&D for a piece of ice, install it protecting a remote server (paying its install cost), and rez it, ignoring its rez cost, then shuffle R&D."
Research Grant,agenda,haas-bioroid,bb,"When you score Research Grant, you may score another copy of Research Grant that is installed."
Sentinel Defense Program,agenda,haas-bioroid,cac,"Whenever the Runner suffers at least 1 core damage, do 1 net damage."
Archived Memories,operation,haas-bioroid,core,"Add 1 card from Archives to HQ."
Biotic Labor,operation,haas-bioroid,core,"Gain click click."
Fast Break,operation,haas-bioroid,rar,"Gain X credits. Draw up to X cards. Install up to X cards in the root of and/or protecting a single remote server. X is equal to the number of agendas in the Runner's score area."
Game Changer,operation,haas-bioroid,rar,"Gain click for each agenda in the Runner's score area. Remove Game Changer from the game instead of trashing it."
Green Level Clearance,operation,haas-bioroid,asis,"Gain 3 credits and draw 1 card."
Hellion Alpha Test,operation,haas-bioroid,st,"Play only if the Runner installed a resource during their last turn. Trace[2]. If successful, add 1 installed resource to the top of the stack. If unsuccessful, take 1 bad publicity."
Kill Switch,operation,haas-bioroid,tdatd,"This operation is not trashed until another current is played or an agenda is stolen. While the Runner is accessing an agenda in R&D, they must reveal it. Whenever an agenda is accessed or scored, Trace[3]. If successful, do 1 core damage."
Load Testing,operation,haas-bioroid,so,"When the Runner's next turn begins, they lose click."
O₂ Shortage,operation,haas-bioroid,fm,"The Runner may trash 1 card from the grip at random. If they do not, gain click click."
Peak Efficiency,operation,haas-bioroid,uao,"Gain 1 credit for each rezzed piece of ice."
Shipment from MirrorMorph,operation,haas-bioroid,core,"Install up to 3 cards from HQ (one at a time and paying all install costs)."
Ultraviolet Clearance,operation,haas-bioroid,td,"As an additional cost to play this operation, spend click click. Gain 10 credits and draw 4 cards. You may install 1 card from HQ."
Adonis Campaign,asset,haas-bioroid,core,"Put 12 credits from the bank on Adonis Campaign when rezzed. When there are no credits left on Adonis Campaign, trash it. Take 3 credits from Adonis Campaign when your turn begins."
Aggressive Secretary,asset,haas-bioroid,core,"Aggressive Secretary can be advanced. If you pay 2 credits when the Runner accesses Aggressive Secretary, trash 1 program for each advancement token on Aggressive Secretary."
Encryption Protocol,asset,haas-bioroid,ta,"The trash cost of all installed cards is increased by 1."
Haas Arcology AI,asset,haas-bioroid,cac,"Haas Arcology AI can be advanced only while unrezzed. click, hosted advancement token: Gain click click. Use this ability only once per turn."
Isabel McGuire,asset,haas-bioroid,mt,"click: Add 1 of your installed cards to HQ."
MCA Austerity Policy,asset,haas-bioroid,cd,"click: Place 1 power counter on this asset. When the Runner's next turn begins, they lose click. Use this ability only once per turn. click, trash, 3 hosted power counters: Gain click click click click."
Ronald Five,asset,haas-bioroid,oh,"Whenever the Runner trashes a Corp card (including this asset), they lose click."
Test Ground,asset,haas-bioroid,uw,"Test Ground can be advanced. trash: Derez 1 card for each advancement token on Test Ground."
Thomas Haas,asset,haas-bioroid,cac,"Thomas Haas can be advanced. trash: Gain 2 credits for each advancement token on Thomas Haas."
Warden Fatuma,asset,haas-bioroid,win,"Each piece of rezzed bioroid ice gains 'Subroutine The Runner loses click, if able.' before all of its other subroutines."
Ash 2X3ZB9CY,upgrade,haas-bioroid,wla,"Whenever there is a successful run on this server, Trace[4]. If successful, the Runner cannot access any cards other than Ash 2X3ZB9CY for the remainder of this run."
Awakening Center,upgrade,haas-bioroid,cac,"Awakening Center can host bioroid ice (each piece is installed facedown, ignoring all install costs). Whenever the Runner passes all of the ice protecting this server, you may rez a piece of ice on Awakening Center, lowering the rez cost by 7 credits, to force the Runner to encounter it. Trash that ice after the run is completed."
Corporate Troubleshooter,upgrade,haas-bioroid,core,"X credits, trash: Choose 1 rezzed piece of ice protecting this server. That ice gets +X strength for the remainder of the turn."
Panic Button,upgrade,haas-bioroid,tc,"Install only in the root of HQ. 1 credit: Draw 1 card. Use this ability only during a run on HQ."
Ruhr Valley,upgrade,haas-bioroid,fp,"As an additional cost to make a run on this server, the Runner must spend click. Limit 1 region per server."
Ryon Knight,upgrade,haas-bioroid,cc,"trash: Do 1 core damage. Use this ability only during a run against this server and only if the Runner has no unspent click."
Strongbox,upgrade,haas-bioroid,fal,"Persistent -> As an additional cost to steal an agenda from this server or its root, the Runner must spend click. (If the Runner trashes this card while accessing it, this ability still applies for the remainder of this run.)"
Architect,ice,haas-bioroid,uao,"Players cannot trash this ice. Subroutine Look at the top 5 cards of R&D. You may install 1 of those cards, ignoring the install cost. Subroutine You may install 1 card from Archives or HQ."
Eli 1.0,ice,haas-bioroid,fp,"Lose click: Break 1 subroutine on this ice. Only the Runner can use this ability. Subroutine End the run. Subroutine End the run."
Enforcer 1.0,ice,haas-bioroid,oh,"As an additional cost to rez this ice, forfeit 1 agenda. Lose click: Break 1 subroutine on this ice. Only the Runner can use this ability. Subroutine Trash 1 installed program. Subroutine Do 1 core damage. Subroutine Trash 1 installed console. Subroutine Trash all installed virtual resources."
Executive Functioning,ice,haas-bioroid,td,"Subroutine Trace[4]. If successful, do 1 core damage."
Fairchild 1.0,ice,haas-bioroid,23s,"Lose click: Break 1 subroutine on this ice. Only the Runner can use this ability. Subroutine The Runner must pay 1 credit or trash 1 of their installed cards. Subroutine The Runner must pay 1 credit or trash 1 of their installed cards."
Fenris,ice,haas-bioroid,tc,"When you rez this ice, take 1 bad publicity. Subroutine Do 1 core damage. Subroutine End the run."
Gyri Labyrinth,ice,haas-bioroid,dt,"Subroutine The Runner's maximum hand size is reduced by 2 until the beginning of the Corp's next turn."
Heimdall 1.0,ice,haas-bioroid,core,"Lose click: Break 1 subroutine on this ice. Only the Runner can use this ability. Subroutine Do 1 core damage. Subroutine End the run. Subroutine End the run."
Hudson 1.0,ice,haas-bioroid,mt,"Lose click: Break 1 subroutine on this ice. Only the Runner can use this ability. Subroutine The Runner cannot access more than 1 card during this run. Subroutine The Runner cannot access more than 1 card during this run."
Ichi 1.0,ice,haas-bioroid,core,"Lose click: Break 1 subroutine on this ice. Only the Runner can use this ability. Subroutine Trash 1 installed program. Subroutine Trash 1 installed program. Subroutine Trace[1]. If successful, do 1 core damage and give the Runner 1 tag."
Ichi 2.0,ice,haas-bioroid,cac,"Lose click click: Break up to 2 subroutines on this ice. Only the Runner can use this ability. Subroutine Trash 1 installed program. Subroutine Trash 1 installed program. Subroutine Trace[3]. If successful, do 1 core damage and give the Runner 1 tag."
NEXT Bronze,ice,haas-bioroid,om,"NEXT Bronze has +1 strength for each rezzed piece of NEXT ice. Subroutine End the run."
NEXT Diamond,ice,haas-bioroid,ka,"The rez cost of this ice is lowered by 1 credit for each other rezzed piece of NEXT ice. Subroutine Do 1 core damage. Subroutine Do 1 core damage. Subroutine Trash 1 installed Runner card."
NEXT Gold,ice,haas-bioroid,val,"X is the number of rezzed NEXT ice. Subroutine Do X net damage. Subroutine Trash X programs."
NEXT Silver,ice,haas-bioroid,up,"NEXT Silver gains 'Subroutine End the run.' for each rezzed piece of NEXT ice."
Rototurret,ice,haas-bioroid,core,"Subroutine Trash 1 installed program. Subroutine End the run."
Seidr Adaptive Barrier,ice,haas-bioroid,so,"Seidr Adaptive Barrier has +1 strength for each piece of ice protecting this server. Subroutine End the run."
Sherlock 2.0,ice,haas-bioroid,23s,"Lose click click: Break up to 2 subroutines on this ice. Only the Runner can use this ability. Subroutine Trace[4]. If successful, add 1 installed program to the bottom of the Runner's stack. Subroutine Trace[4]. If successful, add 1 installed program to the bottom of the Runner's stack. Subroutine Give the Runner 1 tag."
Vikram 1.0,ice,haas-bioroid,kg,"Lose click: Break 1 subroutine on this ice. Only the Runner can use this ability. Subroutine The Runner cannot use programs for the remainder of this run. Subroutine Trace[4]. If successful, do 1 core damage. Subroutine Trace[4]. If successful, do 1 core damage."
Viktor 1.0,ice,haas-bioroid,core,"Lose click: Break 1 subroutine on this ice. Only the Runner can use this ability. Subroutine Do 1 core damage. Subroutine End the run."
Zed 2.0,ice,haas-bioroid,dc,"Lose click click: Break up to 2 subroutines on this ice. Only the Runner can use this ability. Subroutine Trash 1 installed piece of hardware. Subroutine Trash 1 installed piece of hardware. Subroutine If the Runner has lost click to break a subroutine during this run, do 2 core damage."
Jinteki Biotech: Life Imagined,identity,jinteki,val,"Before taking your first turn, you may switch this identity with any copy of Jinteki Biotech. click click click: Flip this identity. Side 1: When you flip this identity, do 2 net damage. Side 2: When you flip this identity, shuffle all cards in Archives into R&D. Side 3: When you flip this identity, place 4 advancement counters on 1 installed card that you can advance."
Jinteki: Personal Evolution,identity,jinteki,core,"Whenever an agenda is scored or stolen, do 1 net damage."
Mti Mwekundu: Life Improved,identity,jinteki,ka,"Whenever the Runner approaches a server, you may install 1 piece of ice from HQ in the innermost position protecting that server, ignoring all costs. The Runner moves to that ice and approaches it. If this is not the first time they have approached a piece of ice this run, they may jack out. Use this ability only once per turn."
Nisei Division: The Next Generation,identity,jinteki,hap,"Whenever you and the Runner reveal secretly spent credits, gain 1 credit."
Braintrust,agenda,jinteki,wla,"When you score Braintrust, place 1 agenda counter on it for every 2 advancement tokens on it over 3. The rez cost of all ice is lowered by 1 for each agenda counter on Braintrust."
Genetic Resequencing,agenda,jinteki,val,"When you score Genetic Resequencing, you may place 1 agenda counter on an agenda in your score area."
House of Knives,agenda,jinteki,hap,"When you score this agenda, place 3 agenda counters on it. Hosted agenda counter: Do 1 net damage. Use this ability only during a run and only once per run."
Mandatory Seed Replacement,agenda,jinteki,fm,"When you score Mandatory Seed Replacement, rearrange any number of ice protecting all servers."
Medical Breakthrough,agenda,jinteki,hap,"Lower the advancement requirement of each Medical Breakthrough by 1. This ability is active even while Medical Breakthrough is in the Runner's score area."
Nisei MK II,agenda,jinteki,core,"When you score this agenda, place 1 agenda counter on it. Hosted agenda counter: End the run."
Project Kusanagi,agenda,jinteki,es,"When you score Project Kusanagi, place 1 agenda counter on it for each advancement token on it over 2. Hosted agenda counter: Choose 1 piece of ice to gain 'Subroutine Do 1 net damage.' after all its other subroutines for the remainder of this run."
Viral Weaponization,agenda,jinteki,win,"When the turn on which you scored Viral Weaponization ends, do 1 net damage for each card in the grip."
An Offer You Can't Refuse,operation,jinteki,oh,"Choose a central server. The Runner may run that server. They cannot jack out during that run. If no run is made this way, add this operation to your score area as an agenda worth 1 agenda point."
Celebrity Gift,operation,jinteki,om,"As an additional cost to play this operation, spend click. Reveal up to 5 cards in HQ. Gain 2 credits for each card you revealed this way."
Hangeki,operation,jinteki,rar,"Play only if the Runner trashed a Corp card during their last turn and you have at least 1 installed card. Choose 1 of your installed cards. The Runner may access that card. If they do, remove this operation from the game; otherwise, add this operation to the Runner's score area as an agenda worth -1 agenda point."
Medical Research Fundraiser,operation,jinteki,hap,"Gain 8 credits. The Runner gains 3 credits."
Mutate,operation,jinteki,up,"As an additional cost to play this operation, trash a rezzed piece of ice. Reveal cards from the top of R&D until you reveal a piece of ice. Install and rez that ice in the same position as the ice that was trashed, ignoring all costs. Shuffle R&D."
Neural EMP,operation,jinteki,core,"Play only if the Runner made a run during their last turn. Do 1 net damage."
Shipment from Tennin,operation,jinteki,baw,"Play only if the Runner did not make a successful run during their last turn. Place 2 advancement counters on 1 installed card."
Trick of Light,operation,jinteki,ta,"Choose 1 installed card you can advance. Move up to 2 advancement counters from 1 other card to the chosen card."
Voter Intimidation,operation,jinteki,ftm,"Play only if there is an agenda in the Runner's score area. You and the Runner secretly spend 0 credits, 1 credit, or 2 credits. Reveal spent credits. If you and the Runner spent a different number of credits, trash 1 resource."
API-S Keeper Isobel,asset,jinteki,rar,"When your turn begins, you may remove an advancement token from an installed card to gain 3 credits."
Breached Dome,asset,jinteki,cd,"While the Runner is accessing this asset in R&D, they must reveal it. When the Runner accesses this asset, do 1 meat damage and trash the top card of the stack."
Chairman Hiro,asset,jinteki,hap,"The Runner gets -2 maximum hand size.
When this asset is trashed from anywhere while being accessed, add it to the Runner's score area as an agenda worth 2 agenda points."
Hostile Infrastructure,asset,jinteki,atr,"Whenever the Runner trashes a Corp card (including Hostile Infrastructure), do 1 net damage."
Political Dealings,asset,jinteki,dag,"Whenever you draw an agenda, you may reveal and install it."
Project Junebug,asset,jinteki,core,"Project Junebug can be advanced. If you pay 1 credit when the Runner accesses Project Junebug, do 2 net damage for each advancement token on Project Junebug."
Pālanā Agroplex,asset,jinteki,bf,"When your turn begins, each player draws 1 card."
Ronin,asset,jinteki,fp,"You can advance this asset. click, trash: Do 3 net damage. Use this ability only if there are 4 or more hosted advancement counters."
Shock!,asset,jinteki,tc,"While the Runner is accessing this asset in R&D, they must reveal it. When the Runner accesses this asset, do 1 net damage."
Snare!,asset,jinteki,core,"While the Runner is accessing this asset in R&D, they must reveal it. When the Runner accesses this asset anywhere except in Archives, you may pay 4 credits. If you do, give the Runner 1 tag and do 3 net damage."
Synth DNA Modification,asset,jinteki,dc,"The first time a subroutine on a piece of AP ice is broken each turn, do 1 net damage."
Bamboo Dome,upgrade,jinteki,eas,"Install only in the root of R&D. click: Reveal the top 3 cards of R&D. Secretly choose 1 to add to HQ. Return the others to the top of R&D, in any order. Limit 1 region per server."
Code Replicator,upgrade,jinteki,cotc,"Whenever the Runner passes a rezzed piece of ice protecting this server, you may trash this upgrade. If you do, the Runner must approach that ice again. They may jack out."
Georgia Emelyov,upgrade,jinteki,23s,"Whenever the Runner makes an unsuccessful run on this server, do 1 net damage. 2 credits: Move Georgia Emelyov to another server."
Hokusai Grid,upgrade,jinteki,hs,"Whenever the Runner makes a successful run on this server, do 1 net damage. Limit 1 region per server."
Nihongai Grid,upgrade,jinteki,ml,"Whenever the Runner makes a successful run on this server, if they do not have at least 2 cards in the grip and 6 credits, you may look at the top 5 cards of R&D and swap 1 of those cards with 1 card in HQ. Limit 1 region per server."
Tori Hanzō,upgrade,jinteki,hap,"Interrupt -> The first time you would do 1 or more net damage during each run against this server, instead you may pay 2 credits to do 1 core damage."
Ashigaru,ice,jinteki,uao,"Ashigaru gains 'Subroutine End the run.' for each card in HQ."
Clairvoyant Monitor,ice,jinteki,cc,"Subroutine You and the Runner secretly spend 0 credits, 1 credit, or 2 credits. Reveal spent credits. If you and the Runner spent a different number of credits, place 1 advancement token on an installed card and end the run."
DNA Tracker,ice,jinteki,es,"Subroutine Do 1 net damage. The Runner loses 2 credits. Subroutine Do 1 net damage. The Runner loses 2 credits. Subroutine Do 1 net damage. The Runner loses 2 credits."
Envelope,ice,jinteki,win,"Subroutine Do 1 net damage. Subroutine End the run."
Himitsu-Bako,ice,jinteki,om,"1 credit: Add Himitsu-Bako to HQ. Subroutine End the run."
It's a Trap!,ice,jinteki,oh,"Whenever this ice is exposed, do 2 net damage. Subroutine The Runner trashes 1 of their installed cards. Trash this ice."
Kakugo,ice,jinteki,dc,"When the Runner passes Kakugo, do 1 net damage. Subroutine End the run."
Lockdown,ice,jinteki,cc,"Subroutine The Runner cannot draw cards for the remainder of this turn."
Lotus Field,ice,jinteki,up,"The strength of this ice cannot be lowered. Subroutine End the run."
Mirāju,ice,jinteki,baw,"Whenever an encounter with this ice ends, if the Runner broke its printed subroutine, the Runner moves to the outermost position of Archives instead of passing this ice. They may jack out. Derez this ice. Subroutine You may draw 1 card. Then, shuffle 1 card from HQ into R&D."
Mlinzi,ice,jinteki,ka,"Subroutine Do 1 net damage unless the Runner trashes the top 2 cards of the stack. Subroutine Do 2 net damage unless the Runner trashes the top 3 cards of the stack. Subroutine Do 3 net damage unless the Runner trashes the top 4 cards of the stack."
Neural Katana,ice,jinteki,core,"Subroutine Do 3 net damage."
Otoroshi,ice,jinteki,rar,"Subroutine You may place up to 3 advancement counters on 1 card installed in the root of a remote server. If you do, the Runner accesses that card unless they pay 3 credits."
Sadaka,ice,jinteki,tdatd,"Subroutine Look at the top 3 cards of R&D and either arrange them in any order or shuffle R&D. You may draw 1 card. Subroutine You may trash 1 card in HQ. If you do, trash 1 resource. Trash Sadaka."
Sensei,ice,jinteki,ta,"Subroutine For the remainder of this run, each piece of ice encountered except Sensei gains 'Subroutine End the run' after all its other subroutines."
Swordsman,ice,jinteki,st,"The Runner cannot break subroutines on this ice using AI programs. Subroutine Trash 1 installed AI program. Subroutine Do 1 net damage."
Thimblerig,ice,jinteki,rar,"When your turn begins and whenever the Runner passes this ice, you may swap this ice with another installed piece of ice. Subroutine End the run."
Wall of Thorns,ice,jinteki,core,"Subroutine Do 2 net damage. Subroutine End the run."
Whirlpool,ice,jinteki,hs,"Subroutine The Runner cannot jack out for the remainder of this run. Trash Whirlpool."
Yagura,ice,jinteki,fal,"Subroutine Look at the top card of R&D. You may add that card to the bottom of R&D. Subroutine Do 1 net damage."
Harishchandra Ent.: Where You're the Star,identity,nbn,ftm,"While the Runner is tagged, they play with the grip revealed."
NBN: Controlling the Message,identity,nbn,23s,"The first time the Runner trashes an installed Corp card each turn, you may trace[4]. If successful, give the Runner 1 tag (cannot be avoided)."
NBN: Making News,identity,nbn,core,"2 recurring credits Use these credits during trace attempts."
New Angeles Sol: Your News,identity,nbn,dad,"Whenever an agenda is scored or stolen, you may play 1 current from HQ or Archives (paying its play cost)."
Degree Mill,agenda,nbn,cotc,"As an additional cost to steal Degree Mill, the Runner must shuffle 2 installed Runner cards into the stack."
Net Quarantine,agenda,nbn,qu,"For the first trace each turn, the Runner's link is treated as 0. (They can still increase their link strength by spending credits.) Whenever the Runner spends credits to increase their link strength, gain 1 credit for every 2 credits they spent."
Project Beale,agenda,nbn,fp,"When you score this agenda, place 1 agenda counter on it for every 2 hosted advancement counters past 3. This agenda is worth 1 more agenda point for each hosted agenda counter."
Puppet Master,agenda,nbn,tlm,"Whenever the Runner makes a successful run, you may place 1 advancement token on a card that can be advanced."
Quantum Predictive Model,agenda,nbn,dad,"While the Runner is accessing this agenda in R&D, they must reveal it. When the Runner accesses this agenda while they are tagged, add it to your score area."
Reeducation,agenda,nbn,baw,"When you score this agenda, you may add X cards from HQ to the bottom of R&D to draw X cards. The Runner adds X cards from the grip at random to the bottom of the stack, if able."
Restructured Datapool,agenda,nbn,wla,"click: Trace[2]. If successful, give the Runner 1 tag."
TGTBT,agenda,nbn,tc,"While the Runner is accessing this agenda in R&D, they must reveal it. When the Runner accesses this agenda, give them 1 tag."
Anonymous Tip,operation,nbn,core,"Draw 3 cards."
Closed Accounts,operation,nbn,core,"Play only if the Runner is tagged. The Runner loses all credits in their credit pool."
Corporate Shuffle,operation,nbn,dt,"As an additional cost to play this operation, spend click. Shuffle all cards in HQ into R&D. Draw 5 cards."
Hatchet Job,operation,nbn,bm,"As an additional cost to play this operation, spend click. Trace[5]. If successful, add an installed non-virtual card to the Runner's grip."
Midseason Replacements,operation,nbn,fp,"Play only if the Runner stole an agenda during their last turn. Trace[6]. If successful, give the Runner X tags. X is equal to the amount by which your trace strength exceeded their link strength."
Predictive Algorithm,operation,nbn,val,"This card is not trashed until another current is played or an agenda is stolen. As an additional cost to steal an agenda, the Runner must pay 2 credits."
Psychographics,operation,nbn,core,"X must be equal to or less than the number of tags the Runner has. Place X advancement counters on 1 installed card you can advance."
SEA Source,operation,nbn,core,"Play only if the Runner made a successful run during their last turn. Trace[3]. If successful, give the Runner 1 tag."
Self-Growth Program,operation,nbn,ss,"Play only if the Runner is tagged. Add 2 installed Runner cards to the grip."
Service Outage,operation,nbn,es,"This operation is not trashed until another current is played or an agenda is stolen. As an additional cost to run for the first time during their turn, the Runner must spend 1 credit."
Special Report,operation,nbn,bm,"Shuffle any number of cards from HQ into R&D. Draw that number of cards."
Sweeps Week,operation,nbn,tc,"Gain 1 credit for each card in the Runner's grip."
Targeted Marketing,operation,nbn,tsb,"This card is not trashed until another current is played or an agenda is stolen. Name a card. Gain 10 credits whenever the Runner plays or installs a copy of that card."
Threat Assessment,operation,nbn,dtwn,"Play only if the Runner trashed a Corp card during their last turn and the Runner has at least 1 installed card. Choose 1 installed Runner card. The Runner must take 2 tags or add that card to the top of the stack. Remove this operation from the game."
Alexa Belsky,asset,nbn,es,"trash: Shuffle all cards in HQ into R&D. The Runner may pay any number of credits to prevent 1 random card in HQ from being shuffled into R&D for every 2 credits spent."
Aryabhata Tech,asset,nbn,si,"Whenever there is a successful trace, gain 1 credit and the Runner loses 1 credit."
CPC Generator,asset,nbn,so,"The first time the Runner spends click to gain 1 credit each turn (not through a card effect), gain 1 credit."
City Surveillance,asset,nbn,mt,"When the Runner's turn begins, give them 1 tag unless they pay 1 credit."
Early Premiere,asset,nbn,oh,"When your turn begins, you may pay 1 credit. If you do, place 1 advancement counter on a card you can advance in the root of a server."
Ghost Branch,asset,nbn,core,"Ghost Branch can be advanced. When the Runner accesses Ghost Branch, you may give the Runner 1 tag for each advancement token on Ghost Branch."
Lily Lockwell,asset,nbn,dad,"When you rez Lily Lockwell, draw 3 cards. click, remove 1 tag: Search R&D for an operation, reveal it, and shuffle the rest of R&D. Add the operation to the top of R&D."
Net Analytics,asset,nbn,dc,"Whenever the Runner avoids or removes 1 or more tags, you may draw 1 card."
Net Police,asset,nbn,asis,"X recurring credits Use these credits during traces. X is the number of links the Runner has."
Reality Threedee,asset,nbn,dad,"When you rez Reality Threedee, take 1 bad publicity. When your turn begins, gain 1 credit (or 2 credits if the Runner is tagged)."
Shannon Claire,asset,nbn,dad,"click: Draw 1 card from the bottom of R&D. trash: Search R&D or Archives for an agenda and reveal it. Shuffle the rest of R&D if you searched it. Add the agenda to the bottom of R&D."
Arella Salvatore,upgrade,nbn,rar,"Whenever an agenda is scored from this server, you may install a card from HQ, ignoring all costs, and place 1 advancement token on it."
Bernice Mai,upgrade,nbn,hs,"Whenever there is a successful run on this server, Trace[5]. If successful, give the Runner 1 tag. If unsuccessful, trash Bernice Mai."
ChiLo City Grid,upgrade,nbn,ta,"Whenever there is a successful trace during a run on this server, give the Runner 1 tag. Limit 1 region per server."
Drone Screen,upgrade,nbn,in,"If the Runner is tagged, Drone Screen gains 'Whenever the Runner initiates a run on this server, Trace[3]. If successful, do 1 meat damage (cannot be prevented).'"
Red Herrings,upgrade,nbn,core,"Persistent -> As an additional cost to steal an agenda from this server or its root, the Runner must pay 5 credits. (If the Runner trashes this card while accessing it, this ability still applies for the remainder of this run.)"
Traffic Analyzer,upgrade,nbn,baw,"Whenever you rez a piece of ice protecting this server, Trace[2]. If successful, the Corp gains 1 credit."
Authenticator,ice,nbn,eas,"When the Runner encounters this ice, they may take 1 tag to bypass it. Subroutine The Corp gains 2 credits. Subroutine End the run."
Data Hound,ice,nbn,hs,"Subroutine Trace[2]. If successful, look at the top X cards of the stack, where X is equal to the amount by which your trace strength exceeded the Runner's link strength. Trash 1 of those cards and arrange the rest in any order."
Data Raven,ice,nbn,core,"When the Runner encounters this ice, they must take 1 tag or end the run. Hosted power counter: Give the Runner 1 tag. Subroutine Trace[3]. If successful, place 1 power counter on this ice."
Data Ward,ice,nbn,in,"When the Runner encounters this ice, they take 1 tag unless they pay 3 credits. Subroutine End the run if the Runner is tagged. Subroutine End the run if the Runner is tagged. Subroutine End the run if the Runner is tagged. Subroutine End the run if the Runner is tagged."
Flare,ice,nbn,fp,"Subroutine Trace[6]. If successful, trash 1 piece of hardware, do 2 meat damage (cannot be prevented), and end the run."
Herald,ice,nbn,qu,"While the Runner is accessing this ice in R&D, they must reveal it. When the Runner accesses this ice anywhere except in Archives, they encounter it. Subroutine Gain 2 credits. Subroutine You may pay up to 2 credits to place that many advancement counters on 1 installed card you can advance."
Jua,ice,nbn,dtwn,"When the Runner encounters this ice, they cannot install cards for the remainder of the turn. Subroutine Choose 2 installed Runner cards, if able. The Runner must add 1 of the chosen cards to the top of the stack."
Little Engine,ice,nbn,cc,"Subroutine End the run. Subroutine End the run. Subroutine The Runner gains 5 credits."
Muckraker,ice,nbn,st,"When you rez Muckraker, take 1 bad publicity. Subroutine Trace[1]. If successful, give the Runner 1 tag. Subroutine Trace[2]. If successful, give the Runner 1 tag. Subroutine Trace[3]. If successful, give the Runner 1 tag. Subroutine End the run if the Runner is tagged."
Pop-up Window,ice,nbn,ce,"When the Runner encounters this ice, gain 1 credit. Subroutine End the run unless the Runner pays 1 credit."
RSVP,ice,nbn,tc,"Subroutine The Runner cannot spend any credits for the remainder of this run."
Snoop,ice,nbn,mt,"When the Runner encounters Snoop, reveal all cards in the Runner's grip. Hosted power counter: Reveal all cards in the Runner's grip. Trash 1 of those cards. Subroutine Trace[3]. If successful, place 1 power counter on Snoop."
Special Offer,ice,nbn,dad,"Subroutine The Corp gains 5 credits. Trash Special Offer."
Tollbooth,ice,nbn,core,"When the Runner encounters this ice, they must pay 3 credits, if able. If they do not, end the run. Subroutine End the run."
Uroboros,ice,nbn,asis,"Subroutine Trace[4]. If successful, the Runner cannot make another run this turn. Subroutine Trace[4]. If successful, end the run."
Wraparound,ice,nbn,fal,"While there are no installed fracter programs, this ice gets +7 strength. Subroutine End the run."
Blue Sun: Powering the Future,identity,weyland-consortium,uao,"When your turn begins, you may add 1 rezzed card to HQ and gain credits equal to its rez cost."
Weyland Consortium: Because We Built It,identity,weyland-consortium,asis,"1 recurring credit Use this credit to advance ice."
Weyland Consortium: Builder of Nations,identity,weyland-consortium,bm,"The first time each turn an encounter with an advanced piece of ice ends, do 1 meat damage."
Weyland Consortium: Building a Better World,identity,weyland-consortium,core,"Whenever you play a transaction operation, gain 1 credit."
Armored Servers,agenda,weyland-consortium,td,"When you score this agenda, place 1 agenda counter on it. Hosted agenda counter: For the remainder of this run, the Runner must trash 1 card from the grip as an additional cost to jack out or break a subroutine. Use this ability only during a run."
City Works Project,agenda,weyland-consortium,tdatd,"Install City Works Project faceup. When the Runner accesses City Works Project while it is installed, do 2 meat damage and 1 additional meat damage for each advancement token on it."
Crisis Management,agenda,weyland-consortium,23s,"If the Runner is tagged, Crisis Management gains 'When your turn begins, do 1 meat damage.'"
Geothermal Fracking,agenda,weyland-consortium,om,"Place 2 agenda counters on Geothermal Fracking when you score it. click, hosted agenda counter: Gain 7 credits and take 1 bad publicity."
Government Contracts,agenda,weyland-consortium,asis,"click, click: Gain 4 credits."
Government Takeover,agenda,weyland-consortium,oac,"click: Gain 3 credits. Limit 1 Government Takeover per deck."
Hostile Takeover,agenda,weyland-consortium,core,"When you score this agenda, gain 7 credits and take 1 bad publicity."
Project Atlas,agenda,weyland-consortium,wla,"When you score this agenda, place 1 agenda counter on it for each hosted advancement counter past 3. Hosted agenda counter: Search R&D for 1 card and reveal it. Add it to HQ."
Standoff,agenda,weyland-consortium,baw,"When you score this agenda, the Runner may trash 1 of their installed cards. If they do not, draw 1 card and gain 5 credits. Otherwise, you may trash 1 of your installed cards to repeat this process."
The Cleaners,agenda,weyland-consortium,st,"Interrupt -> Whenever you would do meat damage, increase that damage by 1."
BOOM!,operation,weyland-consortium,es,"Play only if the Runner has at least 2 tags. As an additional cost to play this operation, spend click. Do 7 meat damage."
Beanstalk Royalties,operation,weyland-consortium,core,"Gain 3 credits."
Commercialization,operation,weyland-consortium,ce,"Choose a piece of ice. Gain 1 credit for each advancement token on that ice."
Consulting Visit,operation,weyland-consortium,tlm,"This card costs 0 influence if you have 6 or more non-alliance weyland-consortium cards in your deck. As an additional cost to play this operation, spend click. Search R&D for an operation and play it (paying all costs). Shuffle R&D."
Hunter Seeker,operation,weyland-consortium,td,"As an additional cost to play this operation, spend click. Play only if the Runner stole an agenda during their last turn. Trash 1 installed card."
Oversight AI,operation,weyland-consortium,asis,"Rez a piece of ice, ignoring all costs, and install Oversight AI on that ice as a hosted condition counter with the text 'Trash host ice if all its subroutines are broken during a single encounter.'"
Priority Construction,operation,weyland-consortium,cd,"As an additional cost to play this operation, spend click. Install a piece of ice from HQ protecting a remote server (ignoring all costs). Place 3 advancement tokens on that ice."
Punitive Counterstrike,operation,weyland-consortium,tc,"Trace[5]. If successful, do X meat damage. X is equal to the sum of the printed agenda points on all agendas the Runner stole during their last turn."
Sacrifice,operation,weyland-consortium,so,"As an additional cost to play this operation, forfeit an agenda. Remove 1 bad publicity per agenda point that the forfeited agenda was worth. Gain 1 credit for each bad publicity removed."
Scorched Earth,operation,weyland-consortium,core,"Play only if the Runner is tagged. Do 4 meat damage."
Shipment from Kaguya,operation,weyland-consortium,core,"Place 1 advancement token on each of up to 2 different installed cards that can be advanced."
Success,operation,weyland-consortium,baw,"As an additional cost to play this operation, forfeit an agenda and spend click click. Advance a card X times. X equals the advancement requirement of the agenda just forfeited."
Trojan Horse,operation,weyland-consortium,cotc,"Play only if the Runner accessed a card during their last turn. Trace[4]. If successful, trash 1 installed program with an install cost of X or less, where X is equal to the amount by which your trace strength exceeded the Runner's link strength."
Witness Tampering,operation,weyland-consortium,dt,"As an additional cost to play this operation, spend click. Remove up to 2 bad publicity."
Anson Rose,asset,weyland-consortium,ml,"When your turn begins, place 1 advancement token on Anson Rose. Whenever you rez a piece of ice, you may move any number of advancement tokens from Anson Rose to that ice."
C.I. Fund,asset,weyland-consortium,bm,"When your turn begins, you may move up to 3 credits from your credit pool to C.I. Fund. When your turn begins, place 2 credits on C.I. Fund from the bank if there are at least 6 credits on it. 2 credits,trash: Take all credits from C.I. Fund."
Capital Investors,asset,weyland-consortium,val,"click: Gain 2 credits."
Dedicated Response Team,asset,weyland-consortium,fp,"If the Runner is tagged, Dedicated Response Team gains 'Whenever a successful run ends, do 2 meat damage.'"
Elizabeth Mills,asset,weyland-consortium,st,"When you rez Elizabeth Mills, remove 1 bad publicity. click, trash: Trash 1 location. Take 1 bad publicity."
GRNDL Refinery,asset,weyland-consortium,fal,"GRNDL Refinery can be advanced. click, trash: Gain 4 credits for each advancement token on GRNDL Refinery."
Mark Yale,asset,weyland-consortium,oac,"Whenever you spend an agenda counter, gain 1 credit. trash or any agenda counter: Gain 2 credits."
Mr. Stone,asset,weyland-consortium,td,"Whenever the Runner takes 1 or more tags, do 1 meat damage."
Mumbad Construction Co.,asset,weyland-consortium,bf,"When your turn begins, place 1 advancement token on Mumbad Construction Co. 2 credits: Move 1 advancement token from Mumbad Construction Co. to a faceup card."
Public Support,asset,weyland-consortium,uot,"Place 3 power counters on Public Support when it is rezzed. When there are no power counters left on Public Support, add it to your score area as an agenda worth 1 agenda point. When your turn begins, remove 1 power counter from Public Support."
Quarantine System,asset,weyland-consortium,dc,"Forfeit an agenda: Rez up to 3 pieces of ice, lowering the cost of each by 2 credits for each printed agenda point on the forfeited agenda."
The Board,asset,weyland-consortium,oac,"Each agenda in the Runner's score area is worth 1 less agenda point. When this asset is trashed from anywhere while being accessed, add it to the Runner's score area as an agenda worth 2 agenda points."
The Root,asset,weyland-consortium,up,"3 recurring credits Use these credits to advance, install, and rez cards."
Expo Grid,upgrade,weyland-consortium,uot,"When your turn begins, gain 1 credit if there is a rezzed asset installed in the root of this server. Limit 1 region per server."
Forced Connection,upgrade,weyland-consortium,dtwn,"While the Runner is accessing this upgrade in R&D, they must reveal it. When the Runner accesses this upgrade anywhere except in Archives, Trace[3]. If successful, give the Runner 2 tags."
Simone Diego,upgrade,weyland-consortium,hs,"2 recurring credits You can spend hosted credits to take the basic action to advance cards in the root of or protecting this server."
Surat City Grid,upgrade,weyland-consortium,dag,"Whenever you rez another card in the root of or protecting this server, you may rez 1 card, paying 2 credits less. Limit 1 region per server."
Archer,ice,weyland-consortium,core,"As an additional cost to rez this ice, forfeit 1 agenda. Subroutine Gain 2 credits. Subroutine Trash 1 installed program. Subroutine Trash 1 installed program. Subroutine End the run."
Bloodletter,ice,weyland-consortium,td,"Subroutine The Runner must trash either 1 installed program or the top 2 cards of the stack."
Bulwark,ice,weyland-consortium,in,"When you rez this ice, take 1 bad publicity. When the Runner encounters this ice, gain 2 credits if there is an installed AI program. Subroutine The Runner trashes 1 installed program. Subroutine Gain 2 credits. End the run. Subroutine Gain 2 credits. End the run."
Burke Bugs,ice,weyland-consortium,fp,"Subroutine Trace[0]. If successful, the Runner trashes 1 program."
Caduceus,ice,weyland-consortium,wla,"Subroutine Trace[3]. If successful, the Corp gains 3 credits. Subroutine Trace[2]. If successful, end the run."
Changeling,ice,weyland-consortium,uao,"Changeling can be advanced. While Changeling has an odd number of advancement tokens on it, it gains sentry and loses barrier. Subroutine End the run."
Colossus,ice,weyland-consortium,td,"You can advance this ice. It gets +1 strength for each hosted advancement counter. Subroutine Give the Runner 1 tag. If there are 3 or more hosted advancement counters, instead give the Runner 2 tags. Subroutine Trash 1 installed program. If there are 3 or more hosted advancement counters, instead trash 1 installed program and 1 installed resource."
Formicary,ice,weyland-consortium,rar,"Whenever the Runner approaches a server, you may rez this ice. If you do, move this ice to the innermost position protecting the approached server. The Runner moves to this ice and encounters it. Subroutine End the run unless the Runner suffers 2 net damage."
Hadrian's Wall,ice,weyland-consortium,core,"Hadrian's Wall can be advanced and has +1 strength for each advancement token on it. Subroutine End the run. Subroutine End the run."
Hive,ice,weyland-consortium,dt,"This ice loses 1 of its printed 'Subroutine End the run.' subroutines for each agenda point in your score area. Subroutine End the run. Subroutine End the run. Subroutine End the run. Subroutine End the run. Subroutine End the run."
Ice Wall,ice,weyland-consortium,core,"You can advance this ice. It gets +1 strength for each hosted advancement counter. Subroutine End the run."
Lycan,ice,weyland-consortium,atr,"Lycan can be advanced. While Lycan has an odd number of advancement tokens on it, it gains code gate and loses sentry. Subroutine Trash 1 program."
Mausolus,ice,weyland-consortium,ml,"You can advance this ice. Subroutine Gain 1 credit. If there are 3 or more hosted advancement counters, instead gain 3 credits. Subroutine Do 1 net damage. If there are 3 or more hosted advancement counters, instead do 3 net damage. Subroutine Give the Runner 1 tag. If there are 3 or more hosted advancement counters, instead give the Runner 1 tag and end the run."
Meru Mati,ice,weyland-consortium,bb,"Meru Mati has +3 strength while protecting HQ. Subroutine End the run."
Negotiator,ice,weyland-consortium,val,"2 credits: Break 1 subroutine on this ice. Only the Runner can use this ability. Subroutine Gain 2 credits. Subroutine Trash 1 installed program."
Oduduwa,ice,weyland-consortium,tdatd,"When the Runner encounters Oduduwa, place 1 advancement token on it. You may place X advancement tokens on another piece of ice. X is the number of advancement tokens on Oduduwa. Subroutine End the run. Subroutine End the run."
Salvage,ice,weyland-consortium,hs,"Salvage can be advanced only while rezzed and gains Subroutine Trace[2]. If successful, give the Runner 1 tag. for each advancement token on it."
Shadow,ice,weyland-consortium,core,"Shadow can be advanced and has +1 strength for each advancement token on it. Subroutine The Corp gains 2 credits. Subroutine Trace[3]. If successful, give the Runner 1 tag."
Tithonium,ice,weyland-consortium,fm,"You may forfeit an agenda to rez Tithonium instead of paying its rez cost. Tithonium cannot host cards. Subroutine Trash 1 program. Subroutine Trash 1 program. Subroutine Trash 1 resource and end the run."
Chronos Project,agenda,neutral-corp,fc,"When you score this agenda, the Runner removes all cards in the heap from the game."
Eden Fragment,agenda,neutral-corp,tsb,"Ignore the install cost of the first piece of ice you install each turn. Limit 1 per deck."
False Lead,agenda,neutral-corp,asis,"Forfeit this agenda: If the Runner has 2 or more click remaining, they lose click click."
Gila Hands Arcology,agenda,neutral-corp,cac,"click, click: Gain 3 credits."
Global Food Initiative,agenda,neutral-corp,dad,"Global Food Initiative is worth 1 fewer agenda point while in the Runner's score area."
Merger,agenda,neutral-corp,ftm,"Merger is worth 1 additional agenda point while in the Runner's score area."
Priority Requisition,agenda,neutral-corp,core,"When you score Priority Requisition, you may rez a piece of ice ignoring all costs."
Private Security Force,agenda,neutral-corp,core,"If the Runner is tagged, Private Security Force gains: 'click: Do 1 meat damage.'"
Bad Times,operation,neutral-corp,up,"Play only if the Runner is tagged. The Runner's memory limit is reduced by 2 until the end of the turn."
Best Defense,operation,neutral-corp,in,"Trash 1 installed card with an install cost equal to or less than the number of tags the Runner has."
Cyberdex Trial,operation,neutral-corp,om,"Purge virus counters."
Distract the Masses,operation,neutral-corp,dtwn,"The Runner gains 2 credits. Trash up to 2 cards from HQ, then shuffle up to 2 cards from Archives into R&D. Remove Distract the Masses from the game instead of trashing it."
Hedge Fund,operation,neutral-corp,core,"Gain 9 credits."
Restructure,operation,neutral-corp,st,"Gain 15 credits."
Rover Algorithm,operation,neutral-corp,fm,"Install Rover Algorithm on a rezzed piece of ice as a hosted condition counter with the text 'Host ice has +1 strength for each power counter on Rover Algorithm. Whenever the Runner passes host ice, place 1 power counter on Rover Algorithm.'"
Scarcity of Resources,operation,neutral-corp,es,"This card is not trashed until another current is played or an agenda is stolen. The install cost of each resource is increased by 2."
Melange Mining Corp.,asset,neutral-corp,core,"click, click, click: Gain 7 credits."
Mumba Temple,asset,neutral-corp,kg,"This card costs 0 influence if you have 15 or fewer ice in your deck. 2 recurring credits Use these credits to rez cards."
Museum of History,asset,neutral-corp,kg,"This asset costs 0 influence if you have 50 or more cards in your deck. When your turn begins, you may shuffle 1 card from Archives into R&D."
PAD Campaign,asset,neutral-corp,core,"When your turn begins, gain 1 credit."
Rashida Jaheem,asset,neutral-corp,tdatd,"When your turn begins, you may trash Rashida Jaheem to gain 3 credits and draw 3 cards."
Sandburg,asset,neutral-corp,23s,"If you have at least 10 credits, each piece of ice has +1 strength for every 5 credits in your credit pool."
Tech Startup,asset,neutral-corp,val,"When your turn begins, you may trash Tech Startup. If you do, search R&D for an asset, reveal it, and install it. Shuffle R&D."
TechnoCo,asset,neutral-corp,cotc,"The install cost of each program, piece of hardware, and virtual resource is increased by 1. Whenever the Runner installs a program, piece of hardware, or virtual resource, you may gain 1 credit."
Mumbad Virtual Tour,upgrade,neutral-corp,si,"This upgrade costs 0 influence if you have 7 or more assets in your deck. When the Runner accesses this upgrade while it is installed, they must trash it, if able."
Signal Jamming,upgrade,neutral-corp,dc,"trash: Cards cannot be installed until the end of the run. Use this ability only during a run on this server."
Underway Grid,upgrade,neutral-corp,uw,"Ice protecting this server cannot be bypassed. Cards in the root of and/or protecting this server cannot be exposed. Limit 1 region per server."
Assassin,ice,neutral-corp,dad,"Subroutine Trace[5]. If successful, do 3 net damage. Subroutine Trace[4]. If successful, trash 1 program."
Enigma,ice,neutral-corp,core,"Subroutine The Runner loses click. Subroutine End the run."
Galahad,ice,neutral-corp,up,"When the Runner encounters Galahad, you may reveal up to 2 grail ice from HQ. For the remainder of this run, Galahad gains the subroutines of the revealed ice in the order of your choice. Subroutine End the run."
Hunter,ice,neutral-corp,core,"Subroutine Trace[3]. If successful, give the Runner 1 tag."
Macrophage,ice,neutral-corp,qu,"Subroutine Trace[4]. If successful, purge virus counters. Subroutine Trace[3]. If successful, trash 1 virus. Subroutine Trace[2]. If successful, remove a virus in the heap from the game. Subroutine Trace[1]. If successful, end the run."
Mother Goddess,ice,neutral-corp,up,"Mother Goddess gains the subtypes of all other rezzed ice. Subroutine End the run."
Quandary,ice,neutral-corp,dt,"Subroutine End the run."
Rainbow,ice,neutral-corp,hap,"Subroutine End the run."
Vanilla,ice,neutral-corp,tlm,"Subroutine End the run."
Wall of Static,ice,neutral-corp,core,"Subroutine End the run."
